{
    "info" : {
        "generated_by" : "MachLine (c) 2023 USU Aerolab",
        "executed" : "Fri Apr 11 22:55:33 2025"
    },
    "mesh_info" : {
        "N_body_panels" : 1336,
        "N_body_vertices" : 704,
        "N_wake_panels" : 38,
        "average_characteristic_length" : 2.20055887458570E-001,
        "max_flow_turning_angle" : 1.67164991012451E+002
    },
    "solver_results" : {
        "solver_status_code" : 0,
        "system_dimension" : 704,
        "timing" : {
            "system_sorting" : 5.44730000000000E-005,
            "preconditioner" : 2.50250900000000E-003,
            "matrix_solver" : 1.60434831000000E-001
        },
        "iterations" : 217,
        "residual" : {
            "max" : 1.67824087959900E-013,
            "norm" : 4.50209844329158E-013
        }
    },
    "pressure_calculations" : {
        "incompressible_rule" : {
            "max" : 8.19765275934324E-001,
            "min" : -1.09752422723410E+000
        }
    },
    "total_forces" : {
        "Cx" : -4.42022004298769E-001,
        "Cy" : 0.00000000000000E+000,
        "Cz" : 2.28597036922331E+001
    },
    "total_moments" : {
        "CMx" : 0.00000000000000E+000,
        "CMy" : -1.95414899681909E+001,
        "CMz" : 0.00000000000000E+000
    },
    "input" : {
        "flow" : {
            "freestream_velocity" : [
                    1.00000000000000E+002,
                    0.00000000000000E+000,
                    1.00000000000000E+001
                ],
            "freestream_mach_number" : 0.00000000000000E+000
        },
        "geometry" : {
            "file" : "half_wing_input/half_wing_right.vtk",
            "mirror_about" : "xz",
            "reference" : {
                "area" : 1.00000000000000E+000
            },
            "wake_model" : {
                "wake_present" : true
            }
        },
        "solver" : {
            "formulation" : "dirichlet-morino"
        },
        "post_processing" : {
            "pressure_rules" : {
                "incompressible" : true
            },
            "subsonic_pressure_correction" : {
                "prandtl-glauert" : false,
                "karman-tsien" : false,
                "laitone" : false
            }
        },
        "output" : {
            "body_file" : "./half_wing_input/results/half_wing_right.vtk",
            "wake_file" : "./half_wing_input/results/half_wing_wake.vtk",
            "control_point_file" : "./half_wing_input/results/half_wing_right_control_points.vtk",
            "mirrored_body_file" : "./half_wing_input/results/half_wing_left.vtk",
            "mirrored_control_point_file" : "./half_wing_input/results/half_wing_left_control_points.vtk",
            "report_file" : "./half_wing_input/results/report.json"
        }
    },
    "total_runtime" : 6.42000000000000E-001
}
